;num;pnum;bnum;cnum;bin;cat;cens;eta;x1;x2;x3;fac;id;lon;lat;err
1;0.132834682;2.325566885;0.566935866;57;yes;medium;0.518209915;0.090988841;0.432105365;0.227619491;0.824905353;low;1;0.636363636;0.363636364;0.041845841
2;-0.398041865;1.794690339;0.34388851;34;no;low;0.023862095;-0.459468002;0.754055045;0.404447588;0.275666791;high;2;0.545454545;0.954545455;0.061426138
3;0.048738738;2.241470941;0.531603023;53;yes;medium;0;0.074229513;0.33720091;0.366339208;0.805772752;high;3;0.727272727;0.772727273;-0.025490775
4;-0.039357995;2.153374208;0.494589251;49;yes;medium;0;-0.188226666;0.505319477;0.639862502;0.037255801;low;4;0.772727273;0.181818182;0.148868671
5;-0.416005906;1.776726297;0.336340932;33;no;none;0.146402481;-0.431578683;0.631113039;0.944525213;0.299306676;low;5;0.181818182;0.227272727;0.015572777
6;0.141650558;2.334382762;0.57063985;57;yes;medium;0.372623678;0.1726769;0.128885566;0.650021191;0.12525209;medium;6;0.909090909;0.181818182;-0.031026342
7;-0.217469812;1.975262391;0.419755713;42;no;low;0;-0.277872833;0.546881802;0.637269811;0.160529959;low;7;0.954545455;0.590909091;0.060403021
8;-0.301887944;1.890844259;0.384287503;38;no;low;0.636503821;-0.269374866;0.44618551;0.40717162;0.860909355;low;8;1;0.681818182;-0.032513078
9;-0.23051748;1.962214724;0.414273746;41;no;low;0.296864934;-0.074553794;0.401558669;0.83303509;0.70628958;medium;9;0.954545455;0.681818182;-0.155963686
10;-0.151275664;2.04145654;0.447567132;45;no;low;1.108406438;-0.250895749;0.856217495;0.839977689;0.376687545;medium;10;0.227272727;0.909090909;0.099620085
11;-0.238541957;1.954190247;0.410902269;41;no;low;0;-0.147258618;0.13818084;0.023291293;0.401320247;high;11;0.181818182;0.5;-0.091283339
12;-0.974694939;1.218037264;0.101608182;9;no;none;0;-0.816070386;0.913796538;0.77345662;0.451763109;low;12;0.045454545;0.818181818;-0.158624553
13;-0.10822946;2.084502743;0.46565296;46;yes;medium;0.00771658;-0.211082982;0.638337348;0.731826046;0.719470107;medium;13;0.863636364;0.681818182;0.102853522
14;0.068092463;2.260824666;0.539734475;54;yes;medium;0;-0.013641979;0.329889902;0.238462605;0.455107358;high;14;0.227272727;0.272727273;0.081734442
15;-0.067186247;2.125545956;0.482897233;48;yes;medium;0;-0.111556383;0.185085656;0.524147169;0.390473166;high;15;0;0.545454545;0.044370136
16;-0.645642879;1.547089324;0.239859142;23;no;none;0;-0.493139032;0.91770278;0.168045059;0.573272631;medium;16;0.772727273;0.863636364;-0.152503847
17;-0.4611918;1.731540404;0.317356115;31;no;none;0;-0.460003252;0.322152773;0.738920335;0.41370197;low;17;0.409090909;0.772727273;-0.001188548
18;-0.038409838;2.154322365;0.494987618;49;yes;medium;0;0.008822685;0.791004419;0.879342664;0.036999988;low;18;0.045454545;0.090909091;-0.047232524
19;-0.210003085;1.982729118;0.422892853;42;no;low;1.010061299;-0.19330453;0.281420584;0.456479372;0.19199007;medium;19;0.318181818;0.363636364;-0.016698556
20;-0.439009571;1.753722632;0.326675961;32;no;none;0;-0.381099681;0.652832672;0.901197786;0.193973019;low;20;0.681818182;0.227272727;-0.057909891
21;-0.624472426;1.568259778;0.248753891;24;no;none;0;-0.677508584;0.632809906;0.976960637;0.39633716;low;21;0.409090909;0.454545455;0.053036158
22;-0.188971818;2.003760386;0.431729123;43;no;low;1.155418111;-0.213519317;0.835943494;0.603196334;0.993708761;medium;22;0.090909091;0.636363636;0.0245475
23;-0.026847388;2.165884815;0.499845572;50;yes;medium;1.240791192;-0.084719334;0.628830984;0.346595701;0.896370414;medium;23;0.681818182;0.772727273;0.057871946
24;-0.020575928;2.172156276;0.502480521;50;yes;medium;0.725827538;-0.133499292;0.293029346;0.546875915;0.672379802;high;24;0.5;0.818181818;0.112923364
25;-0.140222046;2.052510157;0.4522113;45;no;low;0.633001239;-0.182510777;0.407796793;0.218684126;0.346087024;low;25;0.545454545;0.545454545;0.042288731
26;-0.173707912;2.019024292;0.438142241;44;no;low;0.911806699;-0.193556617;0.579600532;0.434592322;0.30358797;medium;26;0.227272727;0.136363636;0.019848705
27;0.092230351;2.284962555;0.549875989;55;yes;medium;0;-0.108116445;0.462360268;0.034936071;0.258292041;low;27;0.454545455;0.045454545;0.200346797
28;-0.186941734;2.005790469;0.432582061;43;no;low;0.001963198;-0.2281377;0.184530091;0.765911708;0.482595324;high;28;0.636363636;0.045454545;0.041195966
29;-0.340862929;1.851869274;0.367912194;37;no;low;0.739201313;-0.284920718;0.504690168;0.742062225;0.361002714;medium;29;0.181818182;0.772727273;-0.055942211
30;-0.378726405;1.814005798;0.352003885;35;no;low;0;-0.356458444;0.734579622;0.667198614;0.169491865;low;30;0.590909091;0.545454545;-0.022267961
31;-0.717124259;1.475607944;0.209826297;20;no;none;0;-0.58382241;0.491786573;0.76693174;0.369364837;low;31;0.181818182;0.727272727;-0.133301849
32;0.119310963;2.312043166;0.561253887;56;yes;medium;0;0.07343955;0.46201114;0.492876031;0.787180768;high;32;0.681818182;0.636363636;0.045871414
33;0.140890915;2.333623118;0.570320686;57;yes;medium;2.80755202;0.152571401;0.099617617;0.027134523;0.573205158;high;33;0;0.318181818;-0.011680487
34;0.193643161;2.386375364;0.5924845;59;yes;high;0.532589057;0.336825299;0.80310393;0.067567022;0.797002439;high;34;0.363636364;0.909090909;-0.143182138
35;-0.283326191;1.909406012;0.392086208;39;no;low;0.048991069;-0.30193464;0.150479768;0.823114473;0.340065075;medium;35;0.181818182;0.545454545;0.018608449
36;-0.545699757;1.647032446;0.281850164;28;no;none;0.656337354;-0.38447585;0.523179091;0.002152705;0.620763874;high;36;0.545454545;0.318181818;-0.161223907
37;-0.610579504;1.582152699;0.254590991;25;no;none;0;-0.558477453;0.845990665;0.975018999;0.74757625;medium;37;0.681818182;1;-0.052102052
38;0.335031216;2.527763419;0.651888578;65;yes;high;0.05536815;0.365085237;0.085038845;0.083257111;0.416516228;low;38;0.681818182;0.363636364;-0.030054021
39;-0.098432028;2.094300176;0.469769343;47;yes;medium;0.946953622;-0.104350858;0.555908926;0.660209622;0.996730879;low;39;0;0.727272727;0.00591883
40;-0.135547693;2.057184511;0.454175226;45;no;low;0;-0.099912249;0.169350768;0.58579246;0.626163367;medium;36;0.545454545;0.318181818;-0.035635444
41;-0.461310111;1.731422092;0.317306407;31;no;none;0;-0.429161809;0.356555;0.584754561;0.27147022;low;40;0.5;0.590909091;-0.032148302
42;-0.405260058;1.787472145;0.340855792;34;no;low;0.276152677;-0.466534901;0.362240505;0.867101664;0.271046563;low;41;0.863636364;0.090909091;0.061274842
43;-0.479796916;1.712935287;0.30953919;31;no;none;0;-0.432819064;0.648699842;0.236465257;0.714014429;low;42;0.272727273;0.272727273;-0.046977852
44;-0.488135908;1.704596295;0.30603557;30;no;none;0;-0.493151949;0.695569998;0.469061087;0.305781513;medium;43;0.318181818;0.272727273;0.005016041
45;-0.266855309;1.925876894;0.399006436;40;no;low;0;-0.321668825;0.223235833;0.626316433;0.260307911;low;44;0.545454545;0.181818182;0.054813516
46;0.993812342;3.186544545;0.928674941;94;yes;high;1.329447681;0.879032986;0.007187359;0.052016126;0.145926461;medium;45;0.090909091;1;0.114779355
47;-0.139910237;2.052821966;0.452342307;45;no;low;0.921278457;-0.000612468;0.30277912;0.979730997;0.544735477;low;46;0.318181818;0.045454545;-0.139297769
48;-0.093853232;2.098878971;0.47169312;47;yes;medium;0;-0.042395041;0.390355495;0.687151758;0.076106804;low;3;0.727272727;0.772727273;-0.051458191
49;-0.439438701;1.753293502;0.326495662;32;no;none;0.247997856;-0.483769834;0.736011388;0.27283372;0.51875483;medium;47;0.409090909;0.636363636;0.044331133
50;-0.731272538;1.461459665;0.203881909;20;no;none;0;-0.624534124;0.607328468;0.750437609;0.739739287;low;48;0.181818182;0.272727273;-0.106738414
51;-0.301012155;1.891720048;0.384655465;38;no;low;0;-0.322779471;0.09849645;0.359623447;0.757205559;low;49;0.636363636;0.181818182;0.021767316
52;-0.080941967;2.111790236;0.477117778;48;yes;medium;0;-0.159448453;0.664399159;0.309355881;0.79817114;medium;50;0.227272727;0.227272727;0.078506486
53;0.096585576;2.28931778;0.551705833;55;yes;medium;0;0.086051052;0.586603739;0.748189894;0.189825555;high;18;0.045454545;0.090909091;0.010534525
54;-0.0924593;2.100272903;0.47227878;47;yes;medium;0;-0.137739729;0.559869054;0.221765447;0.712635914;high;51;0.818181818;0.136363636;0.045280429
55;-0.51836544;1.674366764;0.293334656;29;no;none;0.746252683;-0.341111033;0.295520963;0.884623436;0.642096858;low;52;1;0.227272727;-0.177254407
56;-0.762492035;1.430240168;0.190765062;18;no;none;0.021144364;-0.718349583;0.92917602;0.371232215;0.648817793;low;53;0.363636364;0.136363636;-0.044142452
57;-0.166034692;2.026697511;0.441366138;44;no;low;0;-0.134914456;0.156204429;0.293179799;0.72528065;low;54;0;0.681818182;-0.031120236
58;0.314768861;2.507501064;0.643375366;65;yes;high;0;0.323377212;0.148385382;0.905051974;0.78932581;high;55;0.454545455;0.181818182;-0.008608351
59;-0.327013393;1.86571881;0.373731065;37;no;low;0;-0.298574975;0.648537689;0.261028419;0.455402856;medium;56;0.5;0.090909091;-0.028438418
60;0.218962479;2.411694683;0.603122391;61;yes;high;0.56187096;0.25839461;0.083208667;0.659938148;0.793089011;high;57;0.772727273;0.272727273;-0.039432131
61;-0.082638395;2.110093808;0.476405025;48;yes;medium;0;0.03603614;0.215817303;0.378055945;0.58834125;medium;58;0.590909091;0.5;-0.118674534
62;-0.024869782;2.167862421;0.500676462;50;yes;medium;0;-0.091128295;0.563596627;0.582769975;0.972570565;high;59;0.136363636;0.454545455;0.066258513
63;-0.788323787;1.404408417;0.179911873;17;no;none;0;-0.709120177;0.95307;0.227670483;0.727184105;low;60;0.909090909;0.136363636;-0.07920361
64;-0.000178373;2.19255383;0.511050538;51;yes;medium;0;-0.0253856;0.146777402;0.318931974;0.912549425;low;61;0.909090909;0.863636364;0.025207227
65;-0.544453577;1.648278626;0.282373746;28;no;none;0;-0.754491135;0.718461969;0.986983033;0.46049375;low;62;0.772727273;0.136363636;0.210037557
66;-0.59739261;1.595339593;0.260131454;26;no;none;0.261258817;-0.706643839;0.82944432;0.368778366;0.823428385;low;63;0.681818182;0.181818182;0.109251229
67;0.323620358;2.516352562;0.647094315;65;yes;high;0.163329524;0.295288028;0.226445671;0.541409969;0.059006593;high;64;0.045454545;0.636363636;0.028332331
68;-0.646349052;1.546383151;0.239562444;23;no;none;0;-0.626072003;0.868126777;0.928944917;0.406069792;high;65;0.727272727;0;-0.020277049
69;-0.177399308;2.015332896;0.436591304;44;no;low;0;-0.13933707;0.289550814;0.895717507;0.577625936;high;66;0.409090909;0.590909091;-0.038062237
70;-0.731978674;1.460753529;0.203585227;20;no;none;0;-0.536868967;0.954283431;0.413273883;0.56401948;high;67;0.636363636;0.318181818;-0.195109707
71;-0.527508986;1.665223217;0.289493002;29;no;none;0;-0.484135868;0.89870943;0.940249952;0.737373769;medium;68;0.636363636;0.863636364;-0.043373118
72;-0.556134794;1.636597409;0.277465892;27;no;none;0.039953426;-0.545418627;0.547961765;0.885805738;0.388435708;low;69;0.136363636;0.727272727;-0.010716168
73;0.243834364;2.436566567;0.613572294;62;yes;high;1.601485795;0.291098026;0.4563427;0.219933019;0.978724098;medium;51;0.818181818;0.136363636;-0.047263663
74;-0.497607556;1.695124647;0.302056064;30;no;none;0;-0.390046775;0.922444499;0.72989011;0.828039359;high;70;0.863636364;0.818181818;-0.107560781
75;-0.312073991;1.880658213;0.380007843;38;no;low;0.945884639;-0.18533084;0.693456687;0.168610039;0.68232608;low;71;0.090909091;0.863636364;-0.126743151
76;0.495798036;2.688530239;0.719434629;72;yes;high;1.856770651;0.42319794;0.189877708;0.70594995;0.073845341;high;72;0.909090909;0.227272727;0.072600096
77;-0.876766275;1.315965928;0.142752832;14;no;none;0;-0.849663048;0.739149143;0.406092107;0.569090609;medium;73;0.681818182;0.045454545;-0.027103227
78;-0.48863184;1.704100364;0.305827204;30;no;none;0;-0.659480647;0.438795015;0.800616819;0.258838388;low;74;0.136363636;0.5;0.170848807
79;0.220490411;2.413222615;0.603764351;61;yes;high;0;0.290384729;0.560069056;0.220029094;0.865902968;high;55;0.454545455;0.181818182;-0.069894317
80;0.264031126;2.456763329;0.622057947;62;yes;high;0.26844959;0.25550921;0.201147652;0.410592336;0.087345941;medium;75;0;0.590909091;0.008521917
81;-0.222505905;1.970226299;0.417639803;42;no;low;0.798564957;-0.117942799;0.796932504;0.840358068;0.453963731;high;76;0.181818182;0.909090909;-0.104563105
82;-0.089165571;2.103566632;0.473662638;47;yes;medium;0.448537177;-0.060824355;0.681171102;0.958686099;0.41148892;high;77;0.136363636;0.863636364;-0.028341216
83;-0.280204784;1.912527419;0.393397665;39;no;low;0;-0.308443967;0.802786844;0.718140735;0.979859066;low;78;0.545454545;0.227272727;0.028239182
84;0.278614141;2.471346344;0.628184989;63;yes;high;0;0.273096137;0.756527485;0.130078708;0.176854184;medium;79;0.181818182;0.181818182;0.005518005
85;0.440664033;2.633396237;0.696270122;70;yes;high;0;0.347543774;0.596584134;0.152363898;0.141433811;medium;80;0.5;0.5;0.093120259
86;-0.575883322;1.616848881;0.269168564;26;no;none;0;-0.697077829;0.514831133;0.404955525;0.424213141;low;81;0.454545455;0.454545455;0.121194507
87;0.358212013;2.550944216;0.661627972;66;yes;high;0;0.254460447;0.792683664;0.241067342;0.805120454;high;82;0.818181818;0.409090909;0.103751567
88;-0.608101698;1.584630505;0.255632039;25;no;none;0;-0.50727203;0.458600364;0.676714637;0.348976115;low;83;0.590909091;0.727272727;-0.100829668
89;0.332293013;2.525025217;0.650738125;65;yes;high;0.499740993;0.133816391;0.731894284;0.135629281;0.95566986;low;84;1;0.954545455;0.198476623
90;-0.492137681;1.700594522;0.304354228;30;no;none;0;-0.363569497;0.907403059;0.864568832;0.204764199;high;85;0.272727273;0.318181818;-0.128568185
91;-0.048265673;2.144466531;0.490846697;49;yes;medium;1.406074118;-0.053151821;0.891286464;0.649735836;0.052997856;medium;36;0.545454545;0.318181818;0.004886148
92;0.38276718;2.575499383;0.671944805;68;yes;high;0.758052328;0.402409278;0.392244281;0.157558354;0.032631306;low;86;0.545454545;0.818181818;-0.019642098
93;0.176980304;2.369712508;0.585483614;59;yes;high;0.595250438;0.362402449;0.53437193;0.115490627;0.253687216;high;87;0.545454545;0.681818182;-0.185422145
94;-0.417208547;1.775523656;0.335835644;33;no;none;0;-0.292231024;0.780289346;0.310408713;0.489644196;high;88;0.590909091;0.318181818;-0.124977523
95;0.861078328;3.053810532;0.872906852;88;yes;high;1.26346196;0.761702749;0.07828778;0.22832468;0.178183487;high;89;0.636363636;0.5;0.099375579
96;-0.002404725;2.190327479;0.510115138;51;yes;medium;0.505065759;0.077084601;0.368384144;0.919568684;0.132657734;medium;90;0.090909091;0.590909091;-0.079489325
97;-0.843898634;1.34883357;0.156562145;15;no;none;0;-0.988006663;0.883469501;0.521049506;0.60651243;low;91;0.090909091;0.727272727;0.144108029
98;0.262022586;2.454754789;0.621214061;62;yes;high;0;0.279698481;0.561250056;0.991379306;0.179430816;medium;92;0.818181818;0.363636364;-0.017675895
99;0.162458045;2.355190249;0.579382099;58;yes;high;0;0.060103852;0.099614379;0.388743294;0.830013935;high;93;0.227272727;0.681818182;0.102354193
100;0.23894087;2.431673073;0.611516296;61;yes;high;0;0.154920017;0.652999306;0.946076474;0.22479388;medium;94;0.136363636;0.045454545;0.084020853
101;-0.199766449;1.992965754;0.427193767;43;no;low;0;-0.37569086;0.867999571;0.568057233;0.058902483;high;95;0.772727273;0.045454545;0.175924411
102;-0.229469487;1.963262717;0.41471406;41;no;low;0.011125804;-0.133858763;0.114799034;0.476347646;0.468104094;medium;8;1;0.681818182;-0.095610724
103;-0.250825792;1.941906411;0.405741225;40;no;low;1.187128025;-0.20539783;0.268878592;0.712387004;0.694163655;high;96;0.090909091;0.363636364;-0.045427962
104;-0.526202709;1.666529494;0.290041834;29;no;none;0;-0.477189534;0.528860827;0.811034544;0.244525921;low;70;0.863636364;0.818181818;-0.049013175
105;-0.236118829;1.956613375;0.411920344;41;no;low;0.794186215;-0.214843119;0.862666391;0.270680189;0.275448613;medium;71;0.090909091;0.863636364;-0.021275709
106;0.289853531;2.482585735;0.63290721;64;yes;high;2.021951099;0.293184304;0.383465791;0.040661931;0.175079172;medium;56;0.5;0.090909091;-0.003330772
107;-0.916674964;1.276057239;0.125985228;12;no;none;0;-0.770519777;0.619223544;0.996205097;0.47361978;low;97;0.227272727;0.590909091;-0.146155187
108;0.093270848;2.286003051;0.550313153;55;yes;medium;2.264125326;-0.021052844;0.376646852;0.109086493;0.414772686;low;29;0.181818182;0.772727273;0.114323692
109;-0.505092722;1.687639481;0.298911178;29;no;none;0;-0.532281742;0.69695455;0.002028271;0.821717327;medium;91;0.090909091;0.727272727;0.02718902
110;-0.972616101;1.220116103;0.102481604;9;no;none;0;-0.975942667;0.942584833;0.000928638;0.569327593;high;98;0.863636364;0.909090909;0.003326566
111;-0.240292132;1.952440072;0.410166934;41;no;low;0;-0.196449937;0.359566226;0.603149789;0.909949839;low;99;0.954545455;0.181818182;-0.043842194
112;0.103111074;2.295843277;0.554447516;56;yes;medium;0;0.157477955;0.50550663;0.159017297;0.036496317;low;100;0.681818182;0.136363636;-0.054366881
113;0.228271226;2.421003429;0.607033454;61;yes;high;1.858883029;0.133704691;0.989158628;0.143103539;0.028867665;medium;98;0.863636364;0.909090909;0.094566535
114;-0.323941626;1.868790577;0.375021666;37;no;low;0;-0.311571727;0.432414717;0.776972042;0.376764655;low;101;0.909090909;0.590909091;-0.012369899
115;0.576147176;2.768879379;0.753193256;76;yes;high;0.148394719;0.495614209;0.106987066;0.235614673;0.973223387;low;102;0.954545455;0.318181818;0.080532967
116;-0.466332794;1.726399409;0.315196131;31;no;none;0;-0.362151236;0.230790597;0.45638686;0.405673753;high;103;0.181818182;0.454545455;-0.104181558
117;0.053072212;2.245804416;0.533423728;53;yes;medium;0;0.019173513;0.615601595;0.420552562;0.825814819;medium;104;0.681818182;0.590909091;0.0338987
118;-0.035280662;2.157451541;0.496302339;50;yes;medium;0;-0.010884198;0.625574352;0.696042341;0.777685328;high;105;0.181818182;0.136363636;-0.024396464
119;0.182076259;2.374808462;0.587624675;59;yes;high;2.473887739;0.209984963;0.369023962;0.274927339;0.116784454;medium;106;0.590909091;0.818181818;-0.027908705
120;-0.660186707;1.532545497;0.233748564;23;no;none;0;-0.589515318;0.850623356;0.407829719;0.780233093;medium;107;0.363636364;0.318181818;-0.070671388
121;-0.027574048;2.165158155;0.499540267;50;yes;medium;0.838585;0.004462808;0.03279091;0.787280033;0.76309235;low;108;0.909090909;0.681818182;-0.032036856
122;-0.718018942;1.474713261;0.209450397;20;no;none;0;-0.663265822;0.868729261;0.455259158;0.372112404;high;109;0.590909091;0.045454545;-0.05475312
123;-1.192732203;1;0.01;0;no;none;0;-1;0.874164788;0.354498151;0.272623984;low;110;0.772727273;0.909090909;-0.192732203
124;0.509781646;2.70251385;0.725309832;73;yes;high;0;0.442357448;0.138692555;0.380473601;0.103242305;medium;111;0.909090909;0.363636364;0.067424199
125;-0.220793877;1.971938326;0.41835911;42;no;low;1.528956544;-0.198316463;0.890605002;0.749729025;0.110235603;medium;112;0.454545455;0.681818182;-0.022477414
126;-0.19756322;1.995168983;0.428119452;43;no;low;0.322144203;-0.188719729;0.984418245;0.974674398;0.893327268;medium;15;0;0.545454545;-0.008843491
127;-0.093132311;2.099599893;0.471996015;47;yes;medium;0;-0.087026055;0.514380399;0.16113883;0.545070503;low;113;0.181818182;0.818181818;-0.006106256
128;-0.579604869;1.613127335;0.267604959;26;no;none;0;-0.762674958;0.628851638;0.737341673;0.503794209;low;114;0.090909091;0.681818182;0.18307009
129;0.188748175;2.381480379;0.590427876;59;yes;high;0;0.31658986;0.224995838;0.926363255;0.46580165;medium;115;0.772727273;0.5;-0.127841685
130;-0.174194522;2.018537681;0.437937792;44;no;low;0;-0.21151954;0.204246492;0.521234837;0.351579986;medium;116;0.590909091;0.181818182;0.037325018
131;-0.738034147;1.454698057;0.201041025;19;no;none;0;-0.738295916;0.928712152;0.7548928;0.589045578;low;30;0.590909091;0.545454545;0.00026177
132;-0.066887108;2.125845095;0.483022916;48;yes;medium;0.426842752;-0.038138448;0.530162995;0.580878333;0.89039635;medium;50;0.227272727;0.227272727;-0.028748661
133;-0.179220163;2.01351204;0.435826273;43;no;low;0;-0.081342251;0.005908746;0.390182642;0.467925399;medium;117;0.454545455;0.772727273;-0.097877912
134;0.662090177;2.854822381;0.789302139;80;yes;high;1.742334703;0.659516823;0.002192784;0.063555511;0.121515447;high;118;0.227272727;0.363636364;0.002573354
135;0.25937564;2.452107843;0.620101948;62;yes;high;1.55193067;0.265510198;0.62810236;0.160483934;0.868115807;high;119;0.590909091;0.136363636;-0.006134559
136;0.154467715;2.347199918;0.576024968;58;yes;high;0.267122488;0.103905738;0.284466819;0.150782648;0.601223851;low;120;0.409090909;1;0.050561977
137;-0.632418921;1.560313282;0.245415177;24;no;none;0.325786852;-0.593535332;0.866576556;0.565207009;0.730021673;medium;42;0.272727273;0.272727273;-0.038883589
138;-0.162542861;2.030189343;0.442833228;44;no;low;0.396063387;-0.130069319;0.983937458;0.933999502;0.829736039;medium;121;0.318181818;0.863636364;-0.032473542
139;0.073217315;2.265949518;0.541887677;54;yes;medium;0.416808715;0.159816633;0.670797322;0.513144436;0.040919641;medium;122;0.045454545;0.045454545;-0.086599318
140;0.455747313;2.648479516;0.70260735;71;yes;high;1.001877279;0.406759168;0.255724793;0.12428352;0.604094294;high;12;0.045454545;0.818181818;0.048988145
141;0.665980949;2.858713152;0.790936844;80;yes;high;0.476786659;0.673452643;0.021551198;0.058921057;0.942111592;low;123;0.454545455;0.954545455;-0.007471694
142;0.702158974;2.894891178;0.806137012;81;yes;high;0.304180534;0.76468854;0.107718456;0.255187547;0.013883491;medium;124;0.545454545;0.636363636;-0.062529565
143;0.307447363;2.500179566;0.640299244;64;yes;high;0;0.133661014;0.444241078;0.152438324;0.697951345;medium;23;0.681818182;0.772727273;0.173786349
144;0.090600359;2.283332563;0.549191149;55;yes;medium;0;-0.020976157;0.886347159;0.857088188;0.163890502;medium;92;0.818181818;0.363636364;0.111576517
145;0.029466568;2.222198771;0.523505836;52;yes;medium;0;-0.059789815;0.433749375;0.775202706;0.156496766;medium;125;0.363636364;0.272727273;0.089256383
146;0.128843007;2.32157521;0.565258767;57;yes;medium;1.856663313;0.262154907;0.113754682;0.120309599;0.880027415;low;126;0.227272727;0.636363636;-0.1333119
147;-0.495885791;1.696846412;0.302779462;30;no;none;0;-0.409762573;0.711008196;0.675175883;0.740381308;medium;127;0.045454545;0.772727273;-0.086123218
148;0.360406556;2.553138759;0.662550007;67;yes;high;0;0.395286776;0.635434281;0.099181609;0.486489092;high;128;0.772727273;0.409090909;-0.034880219
149;-0.141249741;2.051482462;0.451779515;45;no;low;0;-0.184545284;0.580744557;0.635768755;0.087032984;medium;129;0.090909091;0.454545455;0.043295543
150;-0.010271653;2.18246055;0.506809854;51;yes;medium;0.056145585;0.063979688;0.455154438;0.089400553;0.588669225;high;130;0.590909091;0.090909091;-0.074251341
151;0.461031701;2.653763904;0.704827581;71;yes;high;0.435395523;0.463977227;0.418383639;0.093129938;0.393797647;medium;131;0.181818182;0.045454545;-0.002945526
152;-0.121281431;2.071450772;0.460169185;46;no;low;0.23435655;-0.213195175;0.42516294;0.790935636;0.768376011;low;132;0.590909091;0.454545455;0.091913744
153;-0.783930582;1.408801621;0.181757674;18;no;none;0;-0.691442901;0.922876956;0.867102687;0.62059996;medium;133;0.590909091;0.909090909;-0.092487681
154;-0.50090418;1.691828023;0.30067099;30;no;none;0;-0.292628658;0.653333551;0.704967071;0.845605294;low;134;0.954545455;0.409090909;-0.208275521
155;-0.443292497;1.749439706;0.324876493;32;no;none;0;-0.425383665;0.960143164;0.886649488;0.902366528;medium;135;0.363636364;0.545454545;-0.017908832
156;0.494744263;2.687476466;0.718991887;72;yes;high;0.534559156;0.433515458;0.21582023;0.712748414;0.963161814;high;17;0.409090909;0.772727273;0.061228805
157;-0.347389066;1.845343138;0.365170243;36;no;low;0.849362575;-0.33867199;0.719431351;0.036523931;0.205638857;low;6;0.909090909;0.181818182;-0.008717076
158;-0.232721909;1.960010294;0.413347557;41;no;low;0;-0.206424437;0.307051943;0.276467031;0.267185891;low;136;0;0.5;-0.026297472
159;-0.951741032;1.240991171;0.111252248;10;no;none;1.373178813;-0.964155676;0.643023438;0.591011505;0.676480053;low;137;0.681818182;0;0.012414644
160;-0.112317336;2.080414867;0.463935442;46;no;low;0;-0.30044613;0.673266117;0.712062709;0.379091269;high;138;0.5;0.272727273;0.188128794
161;-0.499576236;1.693155968;0.301228925;30;no;none;0;-0.559103759;0.370585514;0.317221316;0.536928968;medium;139;0.727272727;0.045454545;0.059527523
162;-0.109087923;2.08364428;0.465292277;46;yes;medium;0;0.014831491;0.31443514;0.249715142;0.531391118;medium;140;0.636363636;0.272727273;-0.123919414
163;-0.213403276;1.979328927;0.421464265;42;no;low;0.533219513;-0.318577846;0.442691267;0.582144324;0.773740147;low;141;0.409090909;0.909090909;0.105174569
164;-0.261077988;1.931654215;0.401433773;40;no;low;0.082427319;-0.151021221;0.394650644;0.89415773;0.554986665;high;142;0.454545455;0.409090909;-0.110056767
165;0.13156956;2.324301764;0.566404326;57;yes;medium;0;0.098389167;0.653580886;0.448015556;0.977253066;medium;143;0;0.954545455;0.033180393
166;-0.77923383;1.413498373;0.183731011;18;no;none;0;-0.667792632;0.803223801;0.840084801;0.795480578;medium;144;0.227272727;0.5;-0.111441198
167;0.268889711;2.461621914;0.624099278;63;yes;high;0.694457668;0.282142887;0.37155853;0.999580036;0.414651195;high;145;0.318181818;0.909090909;-0.013253176
168;-0.079998905;2.112733298;0.477514005;48;yes;medium;0;-0.034511727;0.820941042;0.852343692;0.865232667;medium;146;0.590909091;0.590909091;-0.045487178
169;0.576602443;2.769334646;0.753384536;76;yes;high;0;0.479789019;0.037906706;0.717594489;0.018310462;high;147;0.818181818;0.090909091;0.096813424
170;-0.101324162;2.091408041;0.468554215;47;yes;medium;0.069713304;-0.064036978;0.661937959;0.241449214;0.915872396;low;148;0.5;0.318181818;-0.037287184
171;0.017222892;2.209955095;0.518361665;52;yes;medium;0.425348809;0.096567228;0.292996447;0.667073525;0.993851915;low;149;1;0.181818182;-0.079344336
172;-0.672084075;1.520648128;0.228749894;22;no;none;0;-0.61672125;0.805966842;0.290996426;0.121806367;low;110;0.772727273;0.909090909;-0.055362825
173;-0.200829341;1.991902862;0.426747194;43;no;low;0.598576104;-0.080303392;0.19443004;0.833913707;0.65549734;low;150;0.136363636;0.954545455;-0.120525949
174;0.118284769;2.311016972;0.560822732;56;yes;medium;1.637253517;0.095706396;0.3765299;0.180360175;0.404080139;medium;151;0.5;0.227272727;0.022578373
175;-0.390092555;1.802639648;0.347228406;34;no;low;0.472418247;-0.371387463;0.741647863;0.380670151;0.534703182;high;152;1;0.590909091;-0.018705092
176;-0.222134091;1.970598112;0.41779602;42;no;low;0;-0.127634514;0.051895578;0.48206822;0.42541825;high;153;0.454545455;0.5;-0.094499577
177;0.019708923;2.212441126;0.519406169;52;yes;medium;0;0.022550906;0.779488563;0.978751911;0.211371882;high;154;0.454545455;0.818181818;-0.002841983
178;0.008093231;2.200825435;0.514525846;51;yes;medium;0.245101067;0.019882074;0.918717541;0.556808994;0.022312745;high;155;0.954545455;0.772727273;-0.011788843
179;-0.246671582;1.946060621;0.407486613;41;no;low;0;0.00265833;0.586452433;0.506229615;0.046333399;medium;142;0.454545455;0.409090909;-0.249329912
180;0.334799451;2.527531655;0.651791203;65;yes;high;0.327900335;0.336514511;0.086053478;0.119116589;0.475185374;medium;156;1;0.909090909;-0.001715059
181;-0.41523084;1.777501363;0.336666576;33;no;low;0;-0.425620381;0.64303677;0.335319525;0.826640178;low;127;0.045454545;0.772727273;0.010389542
182;0.056875629;2.249607833;0.535021731;54;yes;medium;0.930866761;0.094902842;0.191514513;0.721192092;0.854484003;low;157;0.636363636;0.636363636;-0.038027212
183;-0.129248605;2.063483599;0.456821783;46;no;low;0;-0.111120685;0.710531654;0.625915176;0.66146228;high;128;0.772727273;0.409090909;-0.01812792
184;-0.104691182;2.088041021;0.467139564;47;yes;medium;0.901893535;-0.083532815;0.990560636;0.121717956;0.497036524;high;36;0.545454545;0.318181818;-0.021158367
185;-0.299405476;1.893326727;0.38533051;38;no;low;0;-0.310138642;0.889812638;0.566357923;0.011531063;medium;37;0.681818182;1;0.010733166
186;-0.961167299;1.231564904;0.107291809;10;no;none;0;-0.799657448;0.454261063;0.011368383;0.442438444;low;158;0.681818182;0.909090909;-0.16150985
187;0.086571008;2.279303212;0.547498221;55;yes;medium;0;0.096707003;0.805934589;0.037457135;0.824196181;high;27;0.454545455;0.045454545;-0.010135995
188;-0.078042504;2.1146897;0.478335985;48;yes;medium;0;-0.076407123;0.337360895;0.840725111;0.630936794;high;159;0.045454545;0.681818182;-0.00163538
189;-0.861599191;1.331133012;0.14912527;14;no;none;0;-0.818187282;0.709598656;0.357162483;0.199501558;low;160;0.818181818;0;-0.043411909
190;0.223078042;2.415810245;0.604851542;61;yes;high;0;0.182493096;0.16714592;0.402673783;0.464515495;medium;161;0.727272727;0.545454545;0.040584946
191;-0.217089795;1.975642408;0.419915377;42;no;low;0;-0.126475511;0.316465486;0.436293107;0.193184261;low;162;0.954545455;0.545454545;-0.090614285
192;-0.452302139;1.740430065;0.321091099;32;no;none;0.163458728;-0.21868366;0.628697521;0.689383894;0.23851869;medium;163;1;0.636363636;-0.233618479
193;-0.267195297;1.925536906;0.398863591;40;no;low;0.246113532;-0.238101355;0.586063099;0.656233112;0.176941955;low;164;0.681818182;0.681818182;-0.029093942
194;0.007386161;2.200118364;0.51422877;51;yes;medium;0;-0.030571784;0.130557797;0.447469966;0.772223614;low;58;0.590909091;0.5;0.037957945
195;-0.484816177;1.707916026;0.307430352;30;no;none;0;-0.496088218;0.601160261;0.306464966;0.743701027;medium;165;0.818181818;0.045454545;0.01127204
196;-0.065160126;2.127572077;0.483748506;48;yes;medium;0;-0.074431379;0.466181085;0.054486241;0.221519102;medium;166;0.318181818;0.409090909;0.009271253
197;-0.247945889;1.944786315;0.406951214;41;no;low;0.66023591;-0.17448438;0.20417895;0.554400322;0.611216285;medium;167;1;0.363636364;-0.073461508
198;-0.488366377;1.704365826;0.305938738;30;no;none;0;-0.356788394;0.90564553;0.228546734;0.26427754;low;168;0.863636364;0.318181818;-0.131577983
199;0.366941124;2.559673328;0.665295501;67;yes;high;0;0.315685632;0.189800912;0.893268926;0.69174771;high;105;0.181818182;0.136363636;0.051255493
200;-0.235490992;1.957241211;0.412184129;41;no;low;0.992978556;-0.084605812;0.565574495;0.984026009;0.584594827;high;169;0.454545455;0.136363636;-0.15088518
201;-0.441210501;1.751521702;0.325751242;32;no;none;0;-0.314340008;0.887177694;0.178659628;0.518190802;medium;23;0.681818182;0.772727273;-0.126870494
202;-0.233721937;1.959010266;0.412927396;41;no;low;0;-0.124955913;0.888149055;0.741801608;0.247676493;high;38;0.681818182;0.363636364;-0.108766025
203;0.179275017;2.372007221;0.586447736;59;yes;high;0;0.097422388;0.215159466;0.102736655;0.746275845;medium;160;0.818181818;0;0.081852629
204;0.331142425;2.523874628;0.650254706;65;yes;high;0;0.320913657;0.078624709;0.451030437;0.276769861;high;170;0.181818182;0.863636364;0.010228768
205;0.245134269;2.437866472;0.614118448;62;yes;high;0.844895854;0.009643114;0.791154427;0.700251672;0.055370563;low;171;0.681818182;0.545454545;0.235491155
206;-0.076654334;2.11607787;0.478919224;48;yes;medium;0;-0.041371124;0.633841355;0.912867976;0.657247139;high;132;0.590909091;0.454545455;-0.03528321
207;-0.448307349;1.744424854;0.322769507;32;no;none;0;-0.49276993;0.981696319;0.316176427;0.544200185;medium;172;0.590909091;0.409090909;0.044462581
208;-0.36114425;1.831587953;0.359391013;36;no;low;0;-0.431396007;0.217311069;0.399115606;0.367858115;low;43;0.318181818;0.272727273;0.070251756
209;-0.165081534;2.027650669;0.441766606;44;no;low;2.080399551;-0.035344304;0.946605088;0.948663757;0.719103179;high;173;0.318181818;0.954545455;-0.12973723
210;0.649541259;2.842273463;0.784029721;79;yes;high;0.111747;0.66985804;0.415955725;0.092045204;0.109084109;high;17;0.409090909;0.772727273;-0.020316781
211;0.444480757;2.63721296;0.697873715;70;yes;high;0.015702311;0.301696307;0.798940426;0.914892026;0.004241003;medium;174;0.090909091;0.818181818;0.14278445
212;-0.86882801;1.323904193;0.146088088;14;no;none;0.411996411;-0.718801904;0.790975882;0.508156661;0.477953831;high;158;0.681818182;0.909090909;-0.150026106
213;-0.391373732;1.801358471;0.34669012;34;no;low;0;-0.311613726;0.995581274;0.356347253;0.592931486;high;76;0.181818182;0.909090909;-0.079760006
214;-0.061731902;2.131000302;0.485188872;48;yes;medium;1.186714881;-0.023177783;0.267845722;0.456153042;0.743224526;high;56;0.5;0.090909091;-0.038554119
215;0.124885894;2.317618097;0.563596189;56;yes;medium;0.168373104;0.066406143;0.209296973;0.526222538;0.965951219;low;175;0;0.863636364;0.05847975
216;0.138327363;2.331059567;0.569243612;57;yes;medium;0.399068213;0.130398778;0.18012014;0.840277542;0.183841189;low;176;0.363636364;0.090909091;0.007928585
217;-0.08634333;2.106388873;0.4748484;47;yes;medium;0;-0.025225946;0.311685678;0.036710663;0.629607981;medium;177;0.272727273;0.727272727;-0.061117384
218;0.510287161;2.703019365;0.725522223;73;yes;high;0.875508982;0.358548354;0.314776907;0.43795429;0.953856823;medium;178;0.272727273;0.181818182;0.151738807
219;0.047621483;2.240353687;0.531133609;53;yes;medium;0;0.065697969;0.999443023;0.037990633;0.851356482;high;179;0.590909091;0.363636364;-0.018076486
220;-0.231484037;1.961248167;0.413867648;41;no;low;1.254604233;-0.194199705;0.594948467;0.907232792;0.609885552;low;180;0.181818182;1;-0.037284332
221;0.176119757;2.36885196;0.585122056;59;yes;high;2.445424962;0.303620389;0.326836835;0.720184437;0.185899815;medium;181;0.272727273;0.954545455;-0.127500632
222;-0.44558564;1.747146563;0.323913031;32;no;none;0;-0.541694441;0.490682039;0.685920313;0.577801645;high;182;0.863636364;0;0.0961088
223;0.41112812;2.603860323;0.683860631;69;yes;high;0.008368877;0.399378416;0.417955708;0.998105387;0.712203456;high;183;0.818181818;0.545454545;0.011749704
224;-0.151819316;2.040912887;0.447338717;45;no;low;0.798082907;-0.06029407;0.261540609;0.760104802;0.683480048;high;69;0.136363636;0.727272727;-0.091525246
225;-0.472049815;1.720682389;0.312794129;31;no;none;0;-0.450715625;0.933803484;0.558744375;0.509710294;medium;131;0.181818182;0.045454545;-0.02133419
226;-0.098694241;2.094037963;0.469659175;47;yes;medium;0;-0.193666634;0.752674175;0.016031423;0.129418983;medium;184;0.909090909;0.818181818;0.094972393
227;-0.069683608;2.123048596;0.481847969;48;yes;medium;0;-0.186766236;0.55618616;0.591830127;0.272215338;medium;185;0.318181818;0.181818182;0.117082629
228;-0.696752554;1.495979649;0.218385453;21;no;none;0.427333839;-0.646738966;0.447174684;0.420225487;0.618516341;low;31;0.181818182;0.727272727;-0.050013588
229;-0.794651289;1.398080914;0.177253378;17;no;none;0;-0.650235904;0.93562484;0.617546297;0.839978744;low;186;0.272727273;0.772727273;-0.144415386
230;-0.519143817;1.673588386;0.293007621;29;no;none;0;-0.380142754;0.350811578;0.907809594;0.42174043;low;33;0;0.318181818;-0.139001063
231;0.246291956;2.439024159;0.614604849;62;yes;high;1.196613405;0.351242436;0.166973437;0.319279953;0.731983718;high;38;0.681818182;0.363636364;-0.10495048
232;-0.727053542;1.465678662;0.205654517;20;no;none;0.438494253;-0.550018755;0.977254444;0.52413596;0.26406936;high;187;0.045454545;0.272727273;-0.177034787
233;-0.219351189;1.973381015;0.418965254;42;no;low;0.38243201;-0.140322254;0.640969199;0.674090092;0.702381485;medium;188;0.136363636;1;-0.079028934
234;0.454873954;2.647606158;0.702240409;71;yes;high;1.224344409;0.484338441;0.56286452;0.072676121;0.104852728;medium;189;0.318181818;0.772727273;-0.029464487
235;-0.301656614;1.891075589;0.384384696;38;no;low;0;-0.19566799;0.724500733;0.625178213;0.926000773;medium;190;0.318181818;0.727272727;-0.105988624
236;-0.730545153;1.46218705;0.204187519;20;no;none;0;-0.771240869;0.864474292;0.658713953;0.75161927;high;144;0.227272727;0.5;0.040695716
237;0.064127889;2.256860093;0.538068762;54;yes;medium;0.055073917;0.180710228;0.052262211;0.22101792;0.402947957;high;2;0.545454545;0.954545455;-0.116582339
238;-0.230231906;1.962500298;0.41439373;41;no;low;0;-0.377995194;0.047068785;0.601944662;0.711177928;low;4;0.772727273;0.181818182;0.147763288
239;0.151849294;2.344581497;0.57492484;58;yes;high;0.84073316;0.077083716;0.040733515;0.043387857;0.440826845;low;191;0.818181818;0.727272727;0.074765578
240;0.017238345;2.209970549;0.518368158;52;yes;medium;1.234736225;-0.054034221;0.386228448;0.299752583;0.135997846;high;192;0.772727273;1;0.071272566
241;-0.283195731;1.909536473;0.392141021;39;no;low;1.37420259;-0.220778286;0.178542458;0.660692329;0.791868249;low;193;0.727272727;0.227272727;-0.062417445
242;0.279725502;2.472457705;0.628651927;63;yes;high;0.69632824;0.292534263;0.244436897;0.964081072;0.219986329;medium;194;0.545454545;0.590909091;-0.012808761
243;0.407922701;2.600654905;0.682513877;69;yes;high;0;0.487071409;0.053956096;0.037333656;0.868476349;low;195;0.090909091;0.045454545;-0.079148707
244;0.114800366;2.307532569;0.559358763;56;yes;medium;0.856663176;0.027842527;0.064478091;0.715401801;0.147456326;high;196;0.772727273;0;0.086957839
245;0.657575269;2.850307472;0.787405204;79;yes;high;2.481880434;0.765356746;0.059791646;0.18379867;0.109600101;high;44;0.545454545;0.181818182;-0.107781478
246;-0.425086986;1.767645217;0.332525524;33;no;none;0;-0.516533121;0.867654611;0.225000865;0.475184446;medium;60;0.909090909;0.136363636;0.091446135
247;0.067347968;2.260080172;0.539421676;54;yes;medium;0;0.108977437;0.384221671;0.865962247;0.420245303;medium;171;0.681818182;0.545454545;-0.041629469
248;0.250567976;2.443300179;0.616401415;62;yes;high;0.780503472;0.11685548;0.010303356;0.536732643;0.319633893;high;197;0.090909091;0.772727273;0.133712495
249;-0.507479743;1.685252461;0.297908273;29;no;none;0;-0.652359191;0.715980854;0.42530035;0.462119715;medium;125;0.363636364;0.272727273;0.144879448
250;-0.167799897;2.024932306;0.440624488;44;no;low;0;-0.32092777;0.944125924;0.79409706;0.166664387;low;198;0.909090909;0.545454545;0.153127873
251;0.503677907;2.69641011;0.72274535;73;yes;high;0.074783432;0.420840928;0.120267917;0.09603131;0.470254536;medium;191;0.818181818;0.727272727;0.082836978
252;-0.349302757;1.843429446;0.364366207;36;no;low;0.494385322;-0.425316303;0.694881559;0.797200618;0.807882965;low;199;1;0.545454545;0.076013546
253;-0.297839885;1.894892318;0.385988292;38;no;low;1.11439229;-0.157374652;0.749577637;0.184722664;0.859149855;low;200;0;0.454545455;-0.140465233
254;-0.159537083;2.03319512;0.444096103;44;no;low;0;-0.109010294;0.371073988;0.995559966;0.942955667;low;201;0.227272727;0.409090909;-0.050526789
255;-0.115299138;2.077433065;0.46268264;46;no;low;0.952679926;-0.263740508;0.799604365;0.727009601;0.4277408;high;32;0.681818182;0.636363636;0.14844137
256;-0.798389363;1.39434284;0.175682829;17;no;none;0;-0.675798631;0.833572909;0.209554642;0.33581301;low;126;0.227272727;0.636363636;-0.122590732
257;-0.595388159;1.597344045;0.260973622;26;no;none;0;-0.559503724;0.825336636;0.997166909;0.839485882;low;202;0.181818182;0.363636364;-0.035884434
258;0.300606749;2.493338952;0.637425166;64;yes;high;2.844244765;0.439632266;0.70596615;0.993254922;0.918784885;medium;203;0.681818182;0.5;-0.139025517
259;-0.090336661;2.102395542;0.473170605;47;yes;medium;0;-0.153739718;0.952985762;0.297607143;0.99263966;low;204;0.545454545;0.454545455;0.063403056
260;-0.186338669;2.006393534;0.432835438;43;no;low;0;-0.210316151;0.255949049;0.769499137;0.557161236;medium;205;1;0.136363636;0.023977482
261;-0.806044033;1.38668817;0.172466725;17;no;none;0;-0.84514028;0.823166608;0.328292387;0.633151935;medium;95;0.772727273;0.045454545;0.039096247
262;0.167138408;2.359870611;0.581348549;58;yes;high;0;0.314350906;0.578079885;0.062324622;0.333382043;high;178;0.272727273;0.181818182;-0.147212498
263;-0.15376656;2.038965644;0.446520584;45;no;low;0.917405585;-0.231269584;0.388079463;0.297767424;0.578749011;high;66;0.409090909;0.590909091;0.077503025
264;0.527954911;2.720687114;0.732945314;74;yes;high;0;0.547492666;0.503004613;0.683668211;0.03169688;medium;180;0.181818182;1;-0.019537756
265;-0.398744377;1.793987826;0.34359335;34;no;low;0.762645254;-0.232545048;0.485861015;0.149711973;0.626433173;medium;35;0.181818182;0.545454545;-0.166199329
266;0.076223898;2.268956101;0.543150891;54;yes;medium;1.031889489;-0.022905544;0.699255511;0.89160794;0.806589846;medium;178;0.272727273;0.181818182;0.099129442
267;0.019353885;2.212086088;0.519257;52;yes;medium;0;0.15241852;0.797709334;0.159685846;0.546428087;high;206;0.318181818;0;-0.133064635
268;-0.764983929;1.427748275;0.189718095;18;no;none;0;-0.852816085;0.739684738;0.55336042;0.639723552;low;207;0.727272727;0.818181818;0.087832157
269;-0.150720683;2.04201152;0.447800306;45;no;low;1.009129737;-0.008863559;0.406429425;0.155664797;0.923025964;low;208;0.272727273;0.409090909;-0.141857124
270;0.05131484;2.244047044;0.53268537;53;yes;medium;0.813849757;-0.144541754;0.791058083;0.169344784;0.505209396;medium;163;1;0.636363636;0.195856594
271;0.403567573;2.596299776;0.680684074;68;yes;high;0.793597376;0.342246355;0.16247131;0.597663383;0.169360575;medium;209;0.863636364;0.590909091;0.061321218
272;-0.257151911;1.935580292;0.403083311;40;no;low;0;-0.177959621;0.473229729;0.331448515;0.353482422;medium;210;0.363636364;0.772727273;-0.07919229
273;-0.427198221;1.765533982;0.33163849;33;no;none;0;-0.443664476;0.666004909;0.597720751;0.6303973;medium;211;1;0.5;0.016466255
274;0.315712247;2.508444451;0.643771729;65;yes;high;0;0.189467376;0.245464411;0.192745929;0.61002309;high;20;0.681818182;0.227272727;0.126244871
275;0.457815767;2.65054797;0.703476409;71;yes;high;0;0.535990211;0.318544935;0.013735923;0.074403081;high;32;0.681818182;0.636363636;-0.078174445
276;-0.570876545;1.621855658;0.271272157;27;no;none;0;-0.670036934;0.79191458;0.276439803;0.406024928;low;212;1;0.863636364;0.099160389
277;-0.191524659;2.001207544;0.430656549;43;no;low;0;-0.124133398;0.0273674;0.894480676;0.30547401;low;213;0.454545455;0.545454545;-0.067391261
278;-0.560605005;1.632127198;0.275587736;27;no;none;0;-0.43700152;0.940393599;0.608587661;0.131729337;low;53;0.363636364;0.136363636;-0.123603486
279;-0.818062167;1.374670036;0.167417316;16;no;none;0;-0.632991098;0.726870758;0.850914953;0.464828478;high;214;0.272727273;0.454545455;-0.185071069
280;0.410899125;2.603631328;0.683764419;69;yes;high;0.836548344;0.4816902;0.339670056;0.030950322;0.143282207;medium;34;0.363636364;0.909090909;-0.070791075
281;-0.724116598;1.468615605;0.206888471;20;no;none;0;-0.657779074;0.808550365;0.669686381;0.429836788;low;101;0.909090909;0.590909091;-0.066337524
282;0.075384782;2.268116986;0.542798337;54;yes;medium;0;0.051128411;0.616844384;0.800596193;0.72551144;high;215;0.363636364;0.954545455;0.024256371
283;-0.442045881;1.750686322;0.325400258;32;no;none;0;-0.591046443;0.95648644;0.629798459;0.119183424;medium;182;0.863636364;0;0.149000562
284;0.07503887;2.267771074;0.542653002;54;yes;medium;0.188741283;-0.008183449;0.394959398;0.936440363;0.591102317;high;8;1;0.681818182;0.083222319
285;-0.579214591;1.613517612;0.267768934;26;no;none;0.083461479;-0.615836384;0.915034047;0.778963308;0.702953068;low;216;0.818181818;0.318181818;0.036621793
286;-0.66383073;1.528901473;0.232217531;23;no;none;0;-0.542737153;0.860401667;0.1981265;0.36465648;low;217;0.863636364;0.772727273;-0.121093577
287;0.851015058;3.043747261;0.868678776;88;yes;high;0;0.799539348;0.048956938;0.980888651;0.909578531;medium;173;0.318181818;0.954545455;0.051475709
288;0.557315962;2.750048165;0.745281336;75;yes;high;1.750888346;0.487745874;0.11061297;0.133359087;0.441675283;high;218;0.954545455;0.727272727;0.069570088
289;0.303767955;2.496500158;0.638753344;64;yes;high;0.261149531;0.166237632;0.218836904;0.440144839;0.805559143;medium;219;0.909090909;0.454545455;0.137530323
290;0.163793219;2.356525422;0.579943071;58;yes;high;0;0.347230563;0.657017928;0.737737971;0.979354531;medium;94;0.136363636;0.045454545;-0.183437344
291;0.253881272;2.446613476;0.617793494;62;yes;high;0;0.193394975;0.242647618;0.195673043;0.433220721;high;220;0.136363636;0.272727273;0.060486297
292;-0.163570509;2.029161694;0.442401462;44;no;low;0.933478604;-0.134887545;0.83946219;0.746290141;0.985210956;medium;68;0.636363636;0.863636364;-0.028682964
293;-0.558615184;1.63411702;0.276423758;27;no;none;0;-0.299602115;0.439998941;0.807129018;0.526166352;low;221;0.909090909;0.409090909;-0.259013068
294;0.36481618;2.557548383;0.664402707;67;yes;high;0.472561477;0.403338491;0.410496339;0.292601249;0.92530016;medium;105;0.181818182;0.136363636;-0.038522312
295;-0.275041062;1.917691141;0.395567199;39;no;low;0;-0.44768553;0.781723235;0.466983914;0.692093735;medium;222;0.409090909;0.090909091;0.172644468
296;0.077678308;2.270410511;0.54376196;54;yes;medium;0.929116114;-0.027046243;0.647394289;0.438776345;0.16202403;high;223;0.863636364;0.272727273;0.104724551
297;0.089427066;2.282159269;0.548698191;55;yes;medium;0.827136246;0.148787667;0.86029142;0.955764911;0.983967842;high;224;0.454545455;0.636363636;-0.059360601
298;0.018461658;2.211193861;0.518882132;52;yes;medium;0;0.108507774;0.045015685;0.627866479;0.986514549;low;153;0.454545455;0.5;-0.090046116
299;0.146379585;2.339111788;0.572626746;57;yes;high;0.654260169;0.212274464;0.116936201;0.78502607;0.181458992;medium;225;0.545454545;0.772727273;-0.06589488
300;-0.911432949;1.281299254;0.128187657;12;no;none;0;-0.959810022;0.826133775;0.565259439;0.528290956;low;224;0.454545455;0.636363636;0.048377073
301;0.463051895;2.655784098;0.705676364;71;yes;high;0;0.556664197;0.127793618;0.786524151;0.208690101;high;128;0.772727273;0.409090909;-0.093612302
302;-0.511372981;1.681359222;0.296272532;29;no;none;0;-0.383446553;0.60698809;0.541721237;0.702429943;medium;226;0.545454545;0.272727273;-0.127926428
303;-0.179777829;2.012954375;0.43559197;43;no;low;0.395246733;-0.367759381;0.383348383;0.541246782;0.19242777;medium;227;0.727272727;0.954545455;0.187981552
304;-0.102448661;2.090283543;0.468081758;47;yes;medium;0;-0.03231531;0.339739983;0.754207965;0.723428743;medium;228;0.545454545;0.409090909;-0.07013335
305;0.055413997;2.2481462;0.534407627;54;yes;medium;1.324534474;0.208556363;0.125953673;0.565347719;0.895313786;medium;229;0.5;0.136363636;-0.153142366
306;-0.106391751;2.086340452;0.466425072;47;yes;medium;0;-0.126104105;0.089398619;0.829965837;0.356599633;low;57;0.772727273;0.272727273;0.019712354
307;-0.437586939;1.755145265;0.327273679;32;no;none;0;-0.283521434;0.274167697;0.911053158;0.305857682;low;230;0.681818182;0.818181818;-0.154065505
308;0.398255611;2.590987814;0.678452257;68;yes;high;2.473743886;0.517156916;0.17125155;0.161132798;0.917590971;low;231;0.590909091;0.681818182;-0.118901306
309;0.091556561;2.284288764;0.549592897;55;yes;medium;0;0.182828153;0.267228485;0.624927897;0.16660209;medium;185;0.318181818;0.181818182;-0.091271593
310;-0.807227473;1.38550473;0.171969504;17;no;none;0.081559508;-0.835197329;0.460045892;0.60280447;0.322076193;low;110;0.772727273;0.909090909;0.027969856
311;-0.855253897;1.337478306;0.15179124;14;no;none;0;-0.828957321;0.802189275;0.569334128;0.745663565;low;232;0.818181818;0.818181818;-0.026296576
312;0.581994383;2.774726587;0.755649955;76;yes;high;0.171170608;0.437326175;0.255018987;0.464818073;0.000788865;low;233;0.136363636;0;0.144668208
313;-0.223140524;1.96959168;0.417373168;42;no;low;0;-0.196986843;0.754226319;0.590413776;0.297986905;high;234;0.409090909;0;-0.02615368
314;-0.133123144;2.05960906;0.455193899;45;no;low;0;-0.124532145;0.229914565;0.528884132;0.178271101;medium;235;0.909090909;0.090909091;-0.008590998
315;-0.762863083;1.42986912;0.190609167;18;no;none;0;-0.862295211;0.792593085;0.039318321;0.438449221;low;95;0.772727273;0.045454545;0.099432128
316;-0.109648295;2.083083908;0.465056837;46;yes;medium;0.550838331;-0.055105077;0.893633846;0.236492003;0.193011313;low;161;0.727272727;0.545454545;-0.054543218
317;0.128689646;2.321421849;0.565194333;57;yes;medium;0.122485521;0.140888856;0.595282899;0.831960388;0.709979869;high;236;0.318181818;1;-0.01219921
318;0.42987051;2.622602713;0.691735232;70;yes;high;0.215265935;0.376996626;0.057032732;0.224448907;0.955000175;low;187;0.045454545;0.272727273;0.052873884
319;0.072274614;2.265006818;0.541491602;54;yes;medium;0.716939135;-0.029255685;0.840022428;0.084333299;0.804944093;medium;64;0.045454545;0.636363636;0.101530299
320;-0.186506094;2.006226109;0.432765095;43;no;low;1.01946287;-0.150390762;0.204177867;0.476456406;0.271059206;low;176;0.363636364;0.090909091;-0.036115332
321;-0.63805666;1.554675544;0.243046486;24;no;none;0;-0.599597627;0.479960723;0.589061574;0.553958741;medium;237;0.090909091;0.545454545;-0.038459033
322;-0.156444114;2.036288089;0.445395611;44;no;low;0;-0.103654003;0.586040984;0.567013772;0.316115068;high;238;0.727272727;0.318181818;-0.052790111
323;-0.163768303;2.0289639;0.442318359;44;no;low;0.810848724;-0.235402949;0.732440733;0.460357007;0.439478884;medium;203;0.681818182;0.5;0.071634646
324;-0.22934779;1.963384414;0.414765191;41;no;low;0;-0.296218174;0.007212978;0.621932256;0.707748292;medium;239;0.318181818;0.5;0.066870384
325;0.008630047;2.201362251;0.514751388;52;yes;medium;1.62208996;0.01818111;0.784270102;0.078380903;0.808908471;high;240;0.727272727;0.863636364;-0.009551062
326;-0.27682864;1.915903563;0.394816149;39;no;low;0;-0.316179335;0.644743075;0.666981919;0.866564019;medium;109;0.590909091;0.045454545;0.039350695
327;0.320470053;2.513202257;0.645770717;65;yes;high;0.93201513;0.301558552;0.0785774;0.35149762;0.890304955;high;125;0.363636364;0.272727273;0.018911502
328;-0.097880846;2.094851358;0.470000922;47;yes;medium;0.747583241;-0.10162941;0.436819555;0.723625703;0.180948783;high;241;0.954545455;0;0.003748564
329;-0.441391322;1.751340881;0.32567527;32;no;none;0;-0.485224644;0.892663077;0.578979629;0.911060224;low;242;0;0.181818182;0.043833322
330;-0.753861457;1.438870746;0.194391193;19;no;none;0;-0.76090887;0.874802838;0.539100382;0.331739336;high;243;0.818181818;0.909090909;0.007047412
331;-0.052012329;2.140719874;0.489272542;49;yes;medium;0.351749646;-0.132031343;0.400285123;0.027138069;0.786374186;high;97;0.227272727;0.590909091;0.080019014
332;0.369400032;2.562132235;0.666328609;67;yes;high;0;0.345437797;0.727613086;0.24765125;0.111572136;high;176;0.363636364;0.090909091;0.023962235
333;-0.36704901;1.825683194;0.356910133;35;no;low;0.991370738;-0.314062871;0.594563241;0.372825932;0.233984277;low;244;0.681818182;0.318181818;-0.052986139
334;-0.178517383;2.01421482;0.436121545;43;no;low;0;-0.301109942;0.348627709;0.605659144;0.61075706;medium;245;0.318181818;0.227272727;0.122592558
335;-0.327914906;1.864817297;0.373352295;37;no;low;0;-0.458319415;0.893375019;0.451129575;0.964719415;low;78;0.545454545;0.227272727;0.130404509
336;-0.228159622;1.964572582;0.415264398;41;no;low;0;-0.098831723;0.807484513;0.531426239;0.98017676;medium;246;0.545454545;0.045454545;-0.129327899
337;0.095813582;2.288545786;0.551381481;55;yes;medium;1.356884602;0.100191571;0.981813283;0.96153281;0.001207893;low;247;0.136363636;0.090909091;-0.004377989
338;0.290843914;2.483576117;0.633323318;64;yes;high;0.070058358;0.303213442;0.00108379;0.372400417;0.212541351;medium;248;0.136363636;0.818181818;-0.012369528
339;0.233894219;2.426626422;0.60939595;61;yes;high;1.320241868;0.288722173;0.578086948;0.161145852;0.789323719;high;186;0.272727273;0.772727273;-0.054827955
340;0.242181398;2.434913602;0.612877802;62;yes;high;0;0.367930195;0.561840954;0.124864187;0.394726049;medium;249;0.681818182;0.409090909;-0.125748796
341;-0.47575149;1.716980713;0.311238873;31;no;none;0;-0.319655602;0.458819582;0.889619698;0.265592205;low;250;0;0.772727273;-0.156095889
342;-0.478115596;1.714616608;0.310245596;31;no;none;0;-0.208246529;0.762087141;0.167271564;0.480564493;high;2;0.545454545;0.954545455;-0.269869066
343;0.023473026;2.21620523;0.520987654;52;yes;medium;0;0.014809333;0.641141852;0.257728074;0.029635069;low;20;0.681818182;0.227272727;0.008663693
344;-0.060606634;2.132125569;0.485661652;49;yes;medium;0;-0.178071922;0.435982033;0.863123527;0.425490431;high;177;0.272727273;0.727272727;0.117465288
345;0.358483024;2.551215227;0.661741837;67;yes;high;0.275115824;0.539291436;0.117626457;0.880906831;0.83855094;medium;251;0.681818182;0.454545455;-0.180808412
346;0.013319222;2.206051426;0.516721542;52;yes;medium;0;-0.03003047;0.290797032;0.387687955;0.462986573;medium;45;0.090909091;1;0.043349693
347;-0.524291034;1.668441169;0.290845022;29;no;none;0;-0.374834818;0.410730975;0.808456875;0.260860331;medium;252;0.181818182;0.409090909;-0.149456216
348;-0.004283853;2.188448351;0.509325624;51;yes;medium;0;-0.154782003;0.488513826;0.063118397;0.223007462;low;253;0.727272727;0.136363636;0.15049815
349;-0.044938006;2.147794198;0.492244814;49;yes;medium;1.0504224;0.133586028;0.181173953;0.180682542;0.356570226;medium;254;0.045454545;0.5;-0.178524034
350;-0.910337193;1.282395011;0.128648038;12;no;none;0.993453936;-0.898471435;0.613657369;0.674066035;0.707370879;low;255;0.227272727;0.454545455;-0.011865758
351;0.158693064;2.351425267;0.577800245;58;yes;high;0.868778249;0.129867103;0.346726481;0.592402791;0.071479926;high;256;0.772727273;0.818181818;0.028825962
352;0.090160604;2.282892808;0.549006387;55;yes;medium;0.132201831;0.144233354;0.167877044;0.993238841;0.600091093;medium;257;0.409090909;0.136363636;-0.05407275
353;-0.632327216;1.560404987;0.245453707;24;no;none;0;-0.499433379;0.64125468;0.920860127;0.193075649;low;258;0.181818182;0.636363636;-0.132893837
354;-0.131096503;2.0616357;0.45604539;46;no;low;1.63696484;-0.020920571;0.119939288;0.823567239;0.680351276;high;259;0.136363636;0.681818182;-0.110175932
355;-0.017302414;2.175429789;0.503855885;50;yes;medium;0;0.058177654;0.107381989;0.334197782;0.841750515;medium;260;0.863636364;0.863636364;-0.075480068
356;-0.378470993;1.81426121;0.352111196;35;no;low;0;-0.302321719;0.250201846;0.776019161;0.373973151;low;261;0.727272727;0.727272727;-0.076149274
357;0.129244546;2.321976749;0.565427473;57;yes;medium;0;0.243073112;0.003152725;0.167803049;0.486186856;low;120;0.409090909;1;-0.113828566
358;-0.496808172;1.695924031;0.302391925;30;no;none;0;-0.345768161;0.997970155;0.721734726;0.272612309;medium;38;0.681818182;0.363636364;-0.151040011
359;-0.39183894;1.800893263;0.346494664;34;no;low;0;-0.356684045;0.150303524;0.74884764;0.417733197;high;144;0.227272727;0.5;-0.035154895
360;-0.776723492;1.416008711;0.184785727;18;no;none;0;-0.74736936;0.960707869;0.563811541;0.062268083;low;73;0.681818182;0.045454545;-0.029354133
361;0.507497736;2.70022994;0.724350249;73;yes;high;1.95321675;0.555234705;0.279420222;0.095390236;0.477680801;medium;82;0.818181818;0.409090909;-0.047736969
362;0.103262171;2.295994374;0.554510999;56;yes;medium;0;0.343513208;0.106370635;0.957454134;0.715030416;medium;1;0.636363636;0.363636364;-0.240251037
363;-0.12453688;2.068195323;0.45880141;46;no;low;0;-0.160790044;0.836885314;0.509618008;0.857367783;high;262;0.954545455;0.363636364;0.036253164
364;0.053838033;2.246570236;0.533745487;53;yes;medium;0.163678762;0.138873262;0.355806844;0.864260027;0.90342313;low;263;0.272727273;0.136363636;-0.08503523
365;-0.486975916;1.705756288;0.306522939;30;no;none;1.717322943;-0.575175164;0.777697509;0.784338777;0.466537543;medium;184;0.909090909;0.818181818;0.088199248
366;0.34006701;2.532799213;0.654004363;66;yes;high;1.021634618;0.31620827;0.401335326;0.865925418;0.916872592;high;56;0.5;0.090909091;0.023858739
367;-0.132329028;2.060403175;0.455527546;45;no;low;0.390027725;-0.162481755;0.798316254;0.275708383;0.887906874;medium;264;1;0;0.030152726
368;-0.068887168;2.123845036;0.482182593;48;yes;medium;0;0.001639407;0.526799127;0.289581493;0.488245265;high;265;0.772727273;0.681818182;-0.070526574
369;0.338065884;2.530798087;0.653163592;66;yes;high;0;0.274821058;0.236038324;0.057171467;0.859941841;low;80;0.5;0.5;0.063244826
370;-0.301283221;1.891448982;0.384541576;38;no;low;0;-0.151253465;0.836634439;0.478172101;0.030182756;low;266;0.045454545;0;-0.150029757
371;0.198206507;2.39093871;0.594401786;60;yes;high;0.505184134;0.270584725;0.07175716;0.456694845;0.48967969;high;267;0.727272727;0.590909091;-0.072378218
372;-0.68391148;1.508820724;0.22378062;22;no;none;0;-0.476905118;0.702861579;0.82844491;0.217023318;low;268;0.954545455;0.227272727;-0.207006361
373;-0.10671608;2.086016123;0.466288805;47;yes;medium;0.292976455;-0.121001481;0.626225959;0.971523139;0.597749487;medium;269;0.727272727;0.681818182;0.014285401
374;-0.062080336;2.130651867;0.485042477;48;yes;medium;0;0.033104422;0.192246848;0.514111728;0.036707998;low;270;0.409090909;0.318181818;-0.095184758
375;0.036627783;2.229359986;0.526514615;53;yes;medium;1.65508788;0.081033245;0.430794905;0.770220423;0.229331173;high;271;0.454545455;0.909090909;-0.044405462
376;0.103408978;2.296141181;0.55457268;56;yes;medium;0.440432587;-0.148150085;0.82533293;0.207712311;0.197987406;high;272;0.363636364;0.590909091;0.251559063
377;0.051299713;2.244031916;0.532679014;53;yes;medium;0.200140114;0.02418751;0.22251269;0.621291577;0.093138901;high;273;0.272727273;0.590909091;0.027112203
378;-0.203759149;1.988973055;0.425516238;42;no;low;1.253988882;-0.12608569;0.259586609;0.426453944;0.820269878;medium;274;0.045454545;0.409090909;-0.077673458
379;-0.324037359;1.868694844;0.374981444;37;no;low;0;-0.320215249;0.732884938;0.05441531;0.709900829;low;275;0.818181818;0.227272727;-0.00382211
380;0.075695446;2.268427649;0.542928862;54;yes;medium;0;0.149993989;0.275131601;0.759685105;0.977175445;low;226;0.545454545;0.272727273;-0.074298543
381;-0.589909905;1.602822298;0.263275306;26;no;none;0;-0.703894338;0.820103885;0.619565111;0.142698809;low;19;0.318181818;0.363636364;0.113984433
382;0.725445627;2.91817783;0.81592088;82;yes;high;1.854963292;0.711769824;0.044652239;0.19887267;0.931629752;high;276;0.818181818;0.181818182;0.013675803
383;0.142686971;2.335419174;0.571075297;57;yes;medium;0;0.018865027;0.926699698;0.541021178;0.084216583;high;26;0.227272727;0.136363636;0.123821944
384;-0.248762746;1.943969457;0.406608012;40;no;low;0;-0.281583234;0.46322651;0.765052328;0.157283714;medium;277;0.772727273;0.090909091;0.032820488
385;-0.278703852;1.914028351;0.39402828;39;no;low;0;-0.186669856;0.261359481;0.684989888;0.61572316;medium;3;0.727272727;0.772727273;-0.092033996
386;-0.017761815;2.174970388;0.503662869;50;yes;medium;0.990341273;0.189712161;0.49052905;0.22548102;0.233209649;medium;278;0.954545455;0.454545455;-0.207473976
387;-0.61937833;1.573353873;0.250894171;25;no;none;0;-0.439761013;0.622983335;0.825646193;0.28142703;high;279;0.181818182;0.590909091;-0.179617318
388;0.137410981;2.330143184;0.568858594;57;yes;medium;0;0.110511377;0.74262518;0.887206082;0.766972333;high;280;0.181818182;0.954545455;0.026899604
389;-0.184734654;2.007997549;0.433509364;43;no;low;0;-0.11766609;0.623864909;0.498801915;0.002485631;medium;97;0.227272727;0.590909091;-0.067068564
390;-0.445917253;1.74681495;0.323773704;32;no;none;0;-0.52899528;0.802186071;0.677827377;0.808010534;medium;281;0.227272727;0.318181818;0.083078027
391;-0.196694809;1.996037394;0.428484314;43;no;low;0;-0.079906586;0.074963474;0.275622994;0.253039512;low;224;0.454545455;0.636363636;-0.116788223
392;0.979725418;3.172457621;0.922756331;93;yes;high;2.1925123;0.918781613;0.00097637;0.320616526;0.960564626;high;131;0.181818182;0.045454545;0.060943805
393;-0.245790168;1.946942035;0.407856938;41;no;low;0.078282974;-0.29880676;0.69280779;0.708993284;0.369958777;high;282;0.954545455;0.272727273;0.053016591
394;-0.344655615;1.848076589;0.3663187;36;no;low;0;-0.396564699;0.788070634;0.385002874;0.811032084;medium;283;0.363636364;0.727272727;0.051909085
395;-0.562477688;1.630254515;0.27480093;27;no;none;0;-0.49829838;0.522005832;0.521904469;0.526000296;high;284;0.045454545;0.454545455;-0.064179308
396;-0.382800709;1.809931494;0.350292069;35;no;low;0.677660377;-0.41831634;0.906948869;0.747602305;0.729386534;medium;108;0.909090909;0.681818182;0.035515631
397;-0.430512258;1.762219945;0.3302461;33;no;none;0.948981235;-0.328104946;0.107463309;0.478393246;0.523355694;high;165;0.818181818;0.045454545;-0.102407313
398;0.452908543;2.645640746;0.701414643;71;yes;high;0;0.43665476;0.001463841;0.902590287;0.270047177;medium;285;0.272727273;0.863636364;0.016253782
399;-0.360678291;1.832053912;0.359586785;36;no;low;0;-0.381295051;0.553184711;0.319543981;0.757943246;low;286;0.045454545;0.863636364;0.020616759
400;-0.696720619;1.496011585;0.21839887;21;no;none;0.260050924;-0.685989689;0.770612765;0.466931439;0.819913335;low;91;0.090909091;0.727272727;-0.010730929
401;0.642622971;2.835355174;0.781123008;79;yes;high;0.071189276;0.665318352;0.079259259;0.0162655;0.138958906;high;233;0.136363636;0;-0.022695381
402;-0.647510837;1.545221366;0.239074321;23;no;none;0;-0.660514372;0.748343848;0.857159853;0.555707179;low;287;1;0.318181818;0.013003534
403;-0.410833386;1.781898817;0.338514163;34;no;low;0;-0.429527415;0.534015537;0.794749144;0.429241163;medium;288;0.545454545;0;0.018694029
404;0.035923402;2.228655605;0.526218669;53;yes;medium;1.368749436;0.152244618;0.794951314;0.24944359;0.997691917;low;238;0.727272727;0.318181818;-0.116321216
405;1.139772536;3.33250474;0.99;100;yes;high;1.376016267;1;0.089591387;0.101682612;0.100453379;high;289;0.681818182;0.272727273;0.139772536
406;0.148447193;2.341179397;0.57349545;57;yes;high;1.319517345;-0.049744173;0.376950568;0.897938303;0.895376578;low;136;0;0.5;0.198191366
407;0.382709049;2.575441252;0.671920382;68;yes;high;0.123219548;0.28445483;0.596974561;0.390401955;0.971627341;medium;290;0.090909091;0.909090909;0.09825422
408;0.108785473;2.301517676;0.55683161;56;yes;medium;0.619942697;0.185244731;0.54166724;0.810138411;0.175761935;high;291;0.636363636;0.681818182;-0.076459258
409;-0.72248848;1.470243724;0.207572524;20;no;none;0.174105666;-0.556109709;0.265364019;0.407024451;0.674302348;low;66;0.409090909;0.590909091;-0.166378771
410;-0.315344923;1.877387281;0.378633564;38;no;low;0;-0.376153129;0.751692726;0.497726073;0.099293217;low;292;0.090909091;0.227272727;0.060808206
411;-0.741049533;1.451682671;0.199774113;19;no;none;0;-0.67820764;0.223448115;0.357197026;0.33760015;low;196;0.772727273;0;-0.062841893
412;-0.798724396;1.394007808;0.175542065;17;no;none;0;-0.737216234;0.997109247;0.025452519;0.704721919;low;212;1;0.863636364;-0.061508162
413;-0.10130626;2.091425943;0.468561737;47;yes;medium;0;-0.192005678;0.631018547;0.469227206;0.370077346;high;101;0.909090909;0.590909091;0.090699418
414;0.610881511;2.803613715;0.767786859;77;yes;high;0.709174062;0.563083385;0.287759905;0.254515656;0.19838948;high;293;0.181818182;0.090909091;0.047798127
415;-0.591718128;1.601014075;0.262515583;26;no;none;0.551405055;-0.562861693;0.160689471;0.003200744;0.754794799;low;85;0.272727273;0.318181818;-0.028856435
416;0.545624634;2.738356837;0.740369234;75;yes;high;1.345725129;0.458444333;0.40261115;0.107750287;0.320550218;medium;150;0.136363636;0.954545455;0.087180301
417;-0.012049733;2.180682471;0.506062795;51;yes;medium;0;-0.084124807;0.263412008;0.739912192;0.777385087;medium;177;0.272727273;0.727272727;0.072075074
418;0.097721275;2.290453478;0.552182996;55;yes;medium;2.006605749;-0.037744651;0.114867534;0.454501883;0.866176033;high;214;0.272727273;0.454545455;0.135465926
419;0.303538242;2.496270445;0.63865683;64;yes;high;0;0.290179685;0.753686881;0.938378286;0.071043602;high;257;0.409090909;0.136363636;0.013358557
420;-0.454584875;1.738147328;0.320132009;32;no;none;0;-0.603122835;0.125797772;0.474970954;0.553744209;low;237;0.090909091;0.545454545;0.14853796
421;-0.196681552;1.996050651;0.428489884;43;no;low;0.582762376;-0.104766608;0.957966964;0.854707588;0.256760983;medium;294;0.772727273;0.454545455;-0.091914944
422;0.226082086;2.418814289;0.606113688;61;yes;high;0;0.151184549;0.467925286;0.266092016;0.844574913;medium;57;0.772727273;0.272727273;0.074897537
423;0.486839142;2.679571346;0.715670557;72;yes;high;0;0.490117644;0.219543196;0.996842148;0.096485903;high;295;0.545454545;1;-0.003278501
424;-0.206952336;1.985779868;0.424174623;42;no;low;0.114083636;-0.227000684;0.198167322;0.478240927;0.830276727;medium;296;0.636363636;1;0.020048348
425;0.092359474;2.285091677;0.54993024;55;yes;medium;0;-0.115963723;0.145693486;0.734006374;0.567606906;high;297;0.545454545;0.909090909;0.208323198
426;-0.410248011;1.782484192;0.338760107;34;no;low;0;-0.546310946;0.678857066;0.591703402;0.386624709;low;298;0.227272727;0.863636364;0.136062935
427;0.950582055;3.143314259;0.910511771;92;yes;high;2.165660764;0.921515546;0.192634727;0.100168355;0.895437187;high;77;0.136363636;0.863636364;0.029066509
428;0.290854511;2.483586714;0.633327771;64;yes;high;0.497280467;0.113476565;0.018920044;0.360715413;0.167886954;medium;299;0.681818182;0.863636364;0.177377946
429;0.211757746;2.404489949;0.600095328;60;yes;high;0.047999743;0.160473471;0.486403641;0.239132799;0.874578472;high;68;0.636363636;0.863636364;0.051284275
430;0.30966761;2.502399813;0.641232079;64;yes;high;0;0.095359636;0.77165092;0.803593315;0.089343673;high;226;0.545454545;0.272727273;0.214307974
431;0.342837287;2.535569491;0.655168293;66;yes;high;1.685965583;0.3079918;0.989831157;0.180575745;0.994460503;high;268;0.954545455;0.227272727;0.034845488
432;0.254655934;2.447388137;0.618118968;62;yes;high;1.251500451;0.425705931;0.034388793;0.625523752;0.969484759;medium;246;0.545454545;0.045454545;-0.171049997
433;0.168125618;2.360857822;0.581763325;58;yes;high;0.88637212;0.142701251;0.279843801;0.775214663;0.66462405;medium;280;0.181818182;0.954545455;0.025424368
434;-0.507023983;1.68570822;0.29809976;29;no;none;0.828665331;-0.57711202;0.514126394;0.517555707;0.910631074;low;110;0.772727273;0.909090909;0.070088037
435;0.164106315;2.356838519;0.580074618;58;yes;high;0.406976536;0.305663303;0.168670594;0.842258388;0.04750371;medium;21;0.409090909;0.454545455;-0.141556988
436;-0.702899882;1.489832322;0.215802658;21;no;none;0.508255796;-0.670784959;0.729169306;0.707514851;0.274970775;medium;252;0.181818182;0.409090909;-0.032114923
437;0.442406294;2.635138497;0.697002131;70;yes;high;0.34278926;0.474254509;0.277101199;0.790719527;0.956427166;high;300;1;0.409090909;-0.031848215
438;0.036870282;2.229602486;0.5266165;53;yes;medium;0;-0.023273351;0.539120682;0.468271656;0.276094937;high;265;0.772727273;0.681818182;0.060143634
439;0.139268216;2.33200042;0.56963891;57;yes;medium;0.695906065;0.1465311;0.652322632;0.020315578;0.897312192;high;271;0.454545455;0.909090909;-0.007262884
440;-0.679026204;1.513705999;0.225833164;22;no;none;0;-0.516453853;0.60224662;0.684310152;0.441906939;low;263;0.272727273;0.136363636;-0.162572351
441;0.084677414;2.277409617;0.546702629;55;yes;medium;1.744611349;0.247982162;0.179591524;0.756940094;0.124465988;low;209;0.863636364;0.590909091;-0.163304748
442;-0.147806247;2.044925956;0.449024804;45;no;low;0;-0.116541901;0.315957703;0.650868481;0.969922911;low;301;0.136363636;0.318181818;-0.031264346
443;-0.461437724;1.731294479;0.31725279;31;no;none;0.178463398;-0.460776162;0.500233475;0.719631047;0.458837551;low;266;0.045454545;0;-0.000661562
444;-0.418948638;1.773783565;0.335104546;33;no;none;0.385371965;-0.45259403;0.462016109;0.671533741;0.345877158;high;243;0.818181818;0.909090909;0.033645392
445;0.417881051;2.610613254;0.68669787;69;yes;high;1.408140259;0.492567072;0.155735687;0.080410201;0.76920935;high;70;0.863636364;0.818181818;-0.074686021
446;-0.141476797;2.051255406;0.451684118;45;no;low;0;-0.205122333;0.109049058;0.508078241;0.651399631;medium;119;0.590909091;0.136363636;0.063645536
447;0.144504637;2.33723684;0.571838988;57;yes;high;0.366139515;0.080959783;0.326986896;0.784992921;0.250155013;medium;278;0.954545455;0.454545455;0.063544854
448;0.637840153;2.830572357;0.779113511;78;yes;high;0;0.60231548;0.312626889;0.254436771;0.99478723;low;302;0.227272727;0.954545455;0.035524673
449;0.417507909;2.610240112;0.686541095;69;yes;high;1.757073016;0.310165006;0.690537339;0.222925047;0.21951653;high;303;0.772727273;0.363636364;0.107342903
450;0.108272469;2.301004673;0.556616072;56;yes;medium;0.734910171;0.035902464;0.362228057;0.104194425;0.394734826;low;304;0.090909091;0.181818182;0.072370005
451;-0.097489023;2.09524318;0.470165546;47;yes;medium;0;-0.310346979;0.988862041;0.261030114;0.871668555;low;134;0.954545455;0.409090909;0.212857956
452;-0.626839893;1.56589231;0.247759201;24;no;none;0;-0.515477522;0.980909612;0.747943848;0.316022677;high;117;0.454545455;0.772727273;-0.111362371
453;0.439199803;2.631932006;0.695654927;70;yes;high;0;0.316328703;0.042662448;0.302113838;0.157777794;medium;283;0.363636364;0.727272727;0.1228711
454;0.08380348;2.276535684;0.546335446;55;yes;medium;1.246673402;0.256485302;0.285809522;0.241052173;0.470725955;medium;181;0.272727273;0.954545455;-0.172681821
455;0.182392612;2.375124815;0.587757591;59;yes;high;0.559174011;0.232841593;0.444807568;0.315886284;0.970265633;low;170;0.181818182;0.863636364;-0.050448981
456;-0.12285389;2.069878313;0.459508517;46;no;low;1.591332296;-0.006836311;0.615060019;0.453727238;0.944963551;low;305;0.363636364;1;-0.116017579
457;-0.222089302;1.970642901;0.417814838;42;no;low;0.508573446;-0.156010541;0.868258093;0.043990745;0.402635796;high;189;0.318181818;0.772727273;-0.066078762
458;-1.009821875;1.182910329;0.086849628;8;no;none;0;-0.809784325;0.867861398;0.948356472;0.799528525;low;35;0.181818182;0.545454545;-0.200037549
459;-0.011965828;2.180766376;0.506098048;51;yes;medium;0;-0.065588386;0.225258748;0.811905358;0.170944529;medium;306;0.363636364;0.409090909;0.053622558
460;0.127967446;2.32069965;0.564890901;57;yes;medium;0;0.150513536;0.511885865;0.146139861;0.483401581;high;307;0.863636364;0.227272727;-0.022546089
461;-0.000934139;2.191798064;0.510733003;51;yes;medium;0;0.003461088;0.870398335;0.110494538;0.920574903;low;308;0;0.363636364;-0.004395226
462;-0.246679441;1.946052762;0.407483311;41;no;low;1.972329104;-0.152884429;0.511237365;0.096743117;0.590526832;low;246;0.545454545;0.045454545;-0.093795012
463;0.525082429;2.717814632;0.731738443;74;yes;high;0.464625068;0.448801835;0.441730292;0.727860735;0.060419476;high;309;0.409090909;0.954545455;0.076280594
464;0.217290021;2.410022224;0.602419709;60;yes;high;0;0.346718753;0.293819153;0.329669292;0.98530389;high;310;0.590909091;1;-0.129428732
465;-0.019489693;2.17324251;0.502936902;50;yes;medium;0;-0.025451379;0.591468318;0.694597231;0.83025541;medium;176;0.363636364;0.090909091;0.005961686
466;-0.685700568;1.507031635;0.223028936;22;no;none;0.017604341;-0.400608543;0.840807405;0.801752676;0.89768076;low;311;0.590909091;0.227272727;-0.285092026
467;0.190691171;2.383423374;0.591244224;59;yes;high;0;0.088430433;0.825395667;0.078319107;0.743877749;high;112;0.454545455;0.681818182;0.102260738
468;-0.414560494;1.77817171;0.336948221;33;no;low;1.34176349;-0.271716835;0.344579536;0.532105748;0.755624084;low;312;0.045454545;0.954545455;-0.142843659
469;-0.299370591;1.893361612;0.385345167;38;no;low;0;-0.368947815;0.113982788;0.533642081;0.499925413;medium;313;0.909090909;0.045454545;0.069577224
470;0.090973691;2.283705894;0.549348004;55;yes;medium;0;0.248194811;0.069593143;0.461737938;0.603273488;high;305;0.363636364;1;-0.15722112
471;0.077462366;2.270194569;0.543671232;54;yes;medium;0;0.236238925;0.57868586;0.825288239;0.968366298;high;156;1;0.909090909;-0.158776559
472;-0.368468306;1.824263897;0.356313817;35;no;low;0.916623464;-0.358640463;0.732547107;0.572045739;0.883806469;medium;314;0.954545455;1;-0.009827843
473;-0.67537896;1.517353244;0.227365551;22;no;none;0.869701427;-0.769299232;0.771273467;0.844490873;0.677206889;low;68;0.636363636;0.863636364;0.093920272
474;-0.083057339;2.109674865;0.476229007;48;yes;medium;0.034679392;-0.115259467;0.556943866;0.778783724;0.667661151;medium;150;0.136363636;0.954545455;0.032202128
475;-0.750139781;1.442592422;0.195954852;19;no;none;0;-0.882264919;0.85446231;0.665524057;0.445378729;low;246;0.545454545;0.045454545;0.132125139
476;0.385884497;2.5786167;0.673254544;68;yes;high;1.341147707;0.320215757;0.104313156;0.034052232;0.099204932;low;315;0.5;0.727272727;0.06566874
477;0.831315715;3.024047918;0.860402113;87;yes;high;1.094526678;0.661756313;0.218490692;0.056395776;0.293785402;high;215;0.363636364;0.954545455;0.169559402
478;-0.619623615;1.573108588;0.250791115;25;no;none;0;-0.459616049;0.833653082;0.372604441;0.837063979;low;316;0.590909091;0.636363636;-0.160007566
479;0.518869267;2.71160147;0.729127988;73;yes;high;0;0.411523779;0.012429269;0.176769397;0.745742474;low;317;0.818181818;0.681818182;0.107345488
480;-0.29677141;1.895960793;0.38643721;38;no;low;0.606763191;-0.409173102;0.473763176;0.765225887;0.264228983;low;318;0.818181818;0.772727273;0.112401692
481;-0.198519491;1.994212712;0.427717675;43;no;low;0;-0.289936794;0.695857605;0.904434234;0.350357963;medium;319;0.454545455;0.727272727;0.091417303
482;-0.024156928;2.168575276;0.500975967;50;yes;medium;0.109843091;-0.070584101;0.534790419;0.300311623;0.301972702;high;320;0.409090909;0.181818182;0.046427173
483;-0.422544248;1.770187955;0.333593853;33;no;none;0;-0.65744301;0.700382628;0.797531282;0.399290285;low;321;0.454545455;0.227272727;0.234898762
484;0.187917141;2.380649345;0.590078717;59;yes;high;1.461363954;0.082485502;0.166900459;0.046560895;0.237823096;low;322;0.409090909;0.727272727;0.105431639
485;0.17895017;2.371682373;0.586311251;59;yes;high;0;0.261395606;0.061769764;0.551439282;0.104005209;high;323;0.045454545;0.545454545;-0.082445436
486;-0.121326347;2.071405857;0.460150313;46;no;low;0;-0.054930303;0.069321927;0.420575075;0.200273685;high;324;0.863636364;1;-0.066396044
487;-0.23516464;1.957567563;0.412321245;41;no;low;0.419456646;-0.087186065;0.718338421;0.466872581;0.996432749;low;325;0.136363636;0.181818182;-0.147978575
488;0.07030687;2.263039073;0.540664856;54;yes;medium;1.829506106;0.183186225;0.354742108;0.935416072;0.397100999;high;101;0.909090909;0.590909091;-0.112879355
489;0.360942151;2.553674354;0.662775037;67;yes;high;1.543333888;0.357967948;0.38325886;0.229482761;0.191116881;medium;326;0.545454545;0.5;0.002974203
490;-0.049866699;2.142865505;0.490174027;49;yes;medium;0;0.091067561;0.077301032;0.292437944;0.965813723;low;327;0.636363636;0;-0.14093426
491;0.417923996;2.6106562;0.686715914;69;yes;high;0.585153345;0.352378514;0.794638257;0.76355826;0.923398814;high;328;0.772727273;0.545454545;0.065545482
492;-0.813689292;1.379042911;0.169254576;16;no;none;0;-0.789894296;0.912649253;0.441620677;0.727540163;low;329;0.045454545;0.181818182;-0.023794996
493;-0.118734384;2.073997819;0.461239324;46;no;low;0;-0.126688705;0.573560965;0.914578067;0.26487602;low;303;0.772727273;0.363636364;0.00795432
494;0.186475307;2.37920751;0.589472932;59;yes;high;0;0.064661308;0.899903109;0.76185752;0.891218269;high;221;0.909090909;0.409090909;0.121813998
495;-0.424901586;1.767830617;0.332603419;33;no;none;0;-0.373265109;0.74090426;0.55326007;0.613198217;high;88;0.590909091;0.318181818;-0.051636478
496;-0.577189752;1.615542451;0.268619668;26;no;none;0;-0.568094287;0.453399931;0.472620397;0.638091515;low;169;0.454545455;0.136363636;-0.009095465
497;0.093296087;2.28602829;0.550323757;55;yes;medium;0.088324534;0.051994913;0.319212459;0.63469941;0.952794773;medium;330;0.409090909;0.409090909;0.041301174
498;-0.251382579;1.941349624;0.405507291;40;no;low;0;-0.165793845;0.896028682;0.156769989;0.436031495;high;220;0.136363636;0.272727273;-0.085588734
499;-0.383969949;1.808762254;0.349800814;35;no;low;0.326132707;-0.419995586;0.627894135;0.14508694;0.562975117;low;323;0.045454545;0.545454545;0.036025637
500;0.228045419;2.420777623;0.606938581;61;yes;high;0.449267582;0.171232711;0.602634288;0.228836947;0.141926196;high;264;1;0;0.056812709
